{
  "train_loss": [
    0.7906095738823907,
    0.6762365204394267,
    0.6127875648106226,
    0.6123094900696462,
    0.6111408213156002,
    0.6078742607036689,
    0.6045061385357332,
    0.6002193311877115,
    0.5961680275984159,
    0.5932060992282202,
    0.5903166923697166,
    0.587443935048435,
    0.5835571728636674,
    0.5788243004046532,
    0.5722063059574535,
    0.5660962393061234,
    0.557698847274819,
    0.5476343534554132,
    0.5364479256821582,
    0.5274087087791892,
    0.5166437938829559,
    0.504607478723797,
    0.493767181010627,
    0.48299118533670016,
    0.4713344007367533,
    0.46088755582440366,
    0.44961802909435533,
    0.43812331633896884,
    0.42817930056535825,
    0.4165970962570227,
    0.40726671514072343,
    0.3945104062799188,
    0.38318627500082386,
    0.37208385138453587,
    0.3603105446845495,
    0.3500621746897859,
    0.3394722918978563,
    0.3289088355793198,
    0.31845061656425383,
    0.30976189737471577,
    0.29813520406676564,
    0.2899811152514973,
    0.28101559636638035,
    0.270436060686718,
    0.263416403362651,
    0.2552495861529336,
    0.24646565984526247,
    0.23976572047470388,
    0.23371047749409657,
    0.22616191198280602,
    0.21821973419399157,
    0.21274878534315725,
    0.20842418452681966,
    0.20037260516489955,
    0.19636922930550027,
    0.19058074181110513,
    0.18546778876057174,
    0.18014488297644424,
    0.175201627505245,
    0.17230289644172292,
    0.16727620177727107,
    0.16395723869134352,
    0.15988611999561403,
    0.15705171070176308,
    0.1515708705801038,
    0.1473422238202476,
    0.14601993516934417,
    0.14163353981724933,
    0.13994325395718882,
    0.13572471391747382,
    0.13297591525784042,
    0.13157068061389038,
    0.12786917964120034,
    0.1258750980107444,
    0.12436694468854245,
    0.12081061474000972,
    0.12002817052889096,
    0.11757047355669036,
    0.11553942471621646,
    0.11363218625420163,
    0.11263228379220214,
    0.10971886398968902,
    0.10811888681868335,
    0.10650471090282414,
    0.10577192696640633,
    0.10417336469997572,
    0.10163081228652407,
    0.10218082188410592,
    0.10156273531080987,
    0.10073206027533672,
    0.10066843969452527,
    0.09807896840667128,
    0.09896233934702425,
    0.09709099221455389,
    0.09815203313777508,
    0.0973001847041113,
    0.0978779772873741,
    0.09726976209064297,
    0.09655888774589773,
    0.09604877956635009
  ],
  "val_loss": [
    0.7475216894779565,
    0.6159315362291516,
    0.6122463025012106,
    0.6135207538334828,
    0.6104988568233993,
    0.6076860579679597,
    0.6038821980638324,
    0.5996699709937258,
    0.596565306186676,
    0.5930429460867396,
    0.5885828311713237,
    0.5863522353037348,
    0.5818717895813708,
    0.5764017116348699,
    0.5697644572213011,
    0.5623584760809844,
    0.5521268979558405,
    0.5412149007590312,
    0.5338373063307889,
    0.5242803645021511,
    0.5091687994745543,
    0.4949860139837805,
    0.48632343816307355,
    0.47754091558591377,
    0.4657621479259347,
    0.45280652704103935,
    0.4436715838481795,
    0.42806172680180027,
    0.4258472154725273,
    0.4053977348332135,
    0.3974972519109834,
    0.38791045743339464,
    0.37934873351510967,
    0.37061779440011616,
    0.3570352836318736,
    0.3463877782506763,
    0.33497051093375907,
    0.3286568284878191,
    0.3136239332972832,
    0.30686880029597374,
    0.2981023553688571,
    0.30471102415390733,
    0.2910652125500283,
    0.2784179121537029,
    0.27099451844422323,
    0.26089712190178205,
    0.2572764984841617,
    0.2490582584210162,
    0.23813042803755347,
    0.23737448524191695,
    0.23626922921470875,
    0.23487019377215854,
    0.22570675428745882,
    0.22221709921393754,
    0.21397044158206796,
    0.21616670327647677,
    0.21316007363065234,
    0.20179191920554862,
    0.2028227227757562,
    0.19764794655284793,
    0.19789478049244522,
    0.19785744457874657,
    0.1961963432577421,
    0.19359294036930463,
    0.18762309455646659,
    0.18670132886266932,
    0.18505506751672277,
    0.18539030842904775,
    0.18900663662209827,
    0.18239627715270473,
    0.18196072257211748,
    0.1775148759754199,
    0.17778758732777722,
    0.18000593879875146,
    0.1774696740058233,
    0.1770748697783587,
    0.17588328984829615,
    0.17628649671403868,
    0.17537572171609356,
    0.17507861038002204,
    0.1726629800110493,
    0.1741560658896869,
    0.16970170999191841,
    0.1707039951996983,
    0.1709183459785187,
    0.1702299269162259,
    0.17079296412895312,
    0.1707393612080025,
    0.16956542523683243,
    0.1699152030402197,
    0.16923670052498016,
    0.16943077623562994,
    0.1697086640545782,
    0.16879126875889752,
    0.16901180907240454,
    0.16872930312353485,
    0.16788168694331962,
    0.16840774604593808,
    0.16895034216906665,
    0.1687421771996426
  ],
  "train_acc": [
    0.022222222222222223,
    0.020994708994708993,
    0.019301587301587302,
    0.020444444444444446,
    0.033523809523809525,
    0.04143915343915344,
    0.04351322751322751,
    0.05375661375661376,
    0.06442328042328042,
    0.06984126984126984,
    0.0791957671957672,
    0.08393650793650793,
    0.09210582010582011,
    0.09701587301587301,
    0.1142010582010582,
    0.136,
    0.15415873015873016,
    0.1732063492063492,
    0.2027089947089947,
    0.2248042328042328,
    0.24871957671957673,
    0.2717037037037037,
    0.2905820105820106,
    0.31013756613756616,
    0.3293968253968254,
    0.3483174603174603,
    0.3682962962962963,
    0.3890793650793651,
    0.4082116402116402,
    0.4292910052910053,
    0.44126984126984126,
    0.46895238095238095,
    0.48605291005291007,
    0.5041693121693122,
    0.5227936507936508,
    0.537989417989418,
    0.5548359788359788,
    0.5678306878306878,
    0.5801058201058201,
    0.5948783068783069,
    0.6114708994708995,
    0.6199365079365079,
    0.6320846560846561,
    0.6477883597883598,
    0.6551111111111111,
    0.6648465608465608,
    0.6775026455026455,
    0.6872804232804233,
    0.6908783068783069,
    0.705058201058201,
    0.7122539682539683,
    0.7226666666666667,
    0.7257566137566137,
    0.7384550264550265,
    0.7405714285714285,
    0.7492063492063492,
    0.7556402116402117,
    0.762962962962963,
    0.7716402116402117,
    0.7723597883597884,
    0.779978835978836,
    0.7855661375661376,
    0.7892910052910053,
    0.7922962962962963,
    0.8024973544973545,
    0.8096507936507936,
    0.8076613756613756,
    0.8152380952380952,
    0.8174391534391534,
    0.8231957671957671,
    0.827936507936508,
    0.8274285714285714,
    0.8328042328042328,
    0.8358941798941799,
    0.8379682539682539,
    0.8451640211640211,
    0.8434285714285714,
    0.8471957671957672,
    0.8516402116402116,
    0.8514708994708995,
    0.8528253968253968,
    0.8577354497354497,
    0.8644656084656085,
    0.8627724867724867,
    0.8645925925925926,
    0.8670899470899471,
    0.8700952380952381,
    0.8700529100529101,
    0.8705185185185185,
    0.8690793650793651,
    0.8731005291005292,
    0.8755132275132275,
    0.8758518518518519,
    0.8755978835978836,
    0.875978835978836,
    0.8765291005291005,
    0.8771216931216931,
    0.8748783068783069,
    0.8768253968253968,
    0.8785185185185185
  ],