{
  "train_loss": [
    0.5953108796570072,
    0.5729664514932645,
    0.5647773696701969,
    0.5570056342062351,
    0.5510962852686442,
    0.5447945621807294,
    0.5401036786936294,
    0.5356803856215393,
    0.5323785782586253,
    0.5295172978963839,
    0.5165590924968255,
    0.44683177876053065,
    0.4017898941233613,
    0.3693372919369131,
    0.3396511325090922,
    0.3167223299025521,
    0.2940762456360302,
    0.27609475376399506,
    0.2597162184659618,
    0.24366187926316293,
    0.23287885643148615,
    0.22273312970814427,
    0.2129758497516099,
    0.20162145566593487,
    0.19354470413939395,
    0.1860545704869682,
    0.177622302116496,
    0.17069152035373636,
    0.16360592702970775
  ],
  "val_loss": [
    0.559238167866221,
    0.5480084365831231,
    0.5381681140301362,
    0.5299226537627993,
    0.5224562276084468,
    0.5186168860714391,
    0.514222687145449,
    0.5099657588409927,
    0.5057783036861779,
    0.5034809646741399,
    0.46095026214167756,
    0.4128026802022502,
    0.3656394799362938,
    0.34633252347977656,
    0.3179304616631202,
    0.2902437071755247,
    0.26984955047099096,
    0.2514025245635015,
    0.25746017694473267,
    0.23461980738167493,
    0.22674750670228364,
    0.21903146135638346,
    0.21203084022931332,
    0.20396302542034186,
    0.19570828109698477,
    0.19192694029155768,
    0.18264653034648806,
    0.18216497328062103,
    0.17996467783484818
  ],
  "train_acc": [
    0.10455026455026455,
    0.14137566137566138,
    0.15678306878306877,
    0.17824338624338623,
    0.1939047619047619,
    0.20537566137566138,
    0.21553439153439152,
    0.2245925925925926,
    0.2316190476190476,
    0.24105820105820105,
    0.26747089947089947,
    0.3887830687830688,
    0.46184126984126983,
    0.5085714285714286,
    0.550941798941799,
    0.5834074074074074,
    0.6117248677248677,
    0.6370370370370371,
    0.6596402116402117,
    0.6854603174603174,
    0.6954920634920635,
    0.7112380952380952,
    0.7211005291005291,
    0.737989417989418,
    0.748994708994709,
    0.7566560846560847,
    0.7685925925925926,
    0.779005291005291,
    0.7912380952380952
  ],
  "val_acc": [
    0.15644444444444444,
    0.18844444444444444,
    0.2077037037037037,
    0.22814814814814816,
    0.24414814814814814,
    0.25096296296296294,
    0.2568888888888889,
    0.2740740740740741,
    0.2865185185185185,
    0.2897777777777778,
    0.37007407407407406,
    0.43348148148148147,
    0.5194074074074074,
    0.5484444444444444,
    0.5884444444444444,
    0.6245925925925926,
    0.6432592592592593,
    0.6767407407407408,
    0.6595555555555556,
    0.6924444444444444,
    0.7111111111111111,
    0.7158518518518519,
    0.7164444444444444,
    0.7324444444444445,
    0.7416296296296296,
    0.7416296296296296,
    0.7588148148148148,
    0.7555555555555555,
    0.7614814814814815
  ]
}