{
  "train_loss": [
    3.8177296295862884,
    3.3656171319933157,
    3.100646917810298,
    2.868633725162449,
    2.6603831631888877,
    2.481696999282734,
    2.332523174150387,
    2.201903191567758,
    2.0742075407779264,
    1.9548066249558342,
    1.8423428630635283,
    1.7524517461637361,
    1.683114201999969,
    1.6018331346073074,
    1.5281524925173862,
    1.4792722357948676,
    1.4228604187500815,
    1.3570533911010731,
    1.323081287221431,
    1.263050975512426,
    1.227165987510965,
    1.189232795503046,
    1.161407067827346,
    1.1107303942169324,
    1.0794494982017393,
    1.0325711659068828,
    1.010336378188514,
    0.9754579831847319,
    0.9500332317833003,
    0.9281364927756448,
    0.8975180390319901,
    0.8794631983414393,
    0.8513175610841046,
    0.8138647278284349,
    0.7826463596262693,
    0.7634289578228423,
    0.7496079797270495,
    0.7301442551354755,
    0.7040443441380667,
    0.6758099277384065,
    0.6678002820084318,
    0.6259545837106821,
    0.6145365161969956,
    0.5992991337716499,
    0.5757347337286591,
    0.5574139761908613,
    0.5451111862277146,
    0.5252414691553065,
    0.5068722286126772,
    0.4841034453619317,
    0.47982743410683454,
    0.45712995188404,
    0.44416726550972024,
    0.42194496509549745,
    0.4130671331721972,
    0.396237706763012,
    0.3882571453372261,
    0.37281681233273467,
    0.36011605056479107,
    0.339280930732116,
    0.326385825973241,
    0.3144361847288231,
    0.30672995073163783,
    0.2970152252299537,
    0.28154227257037034,
    0.27573894827307804,
    0.26729518784580597,
    0.2581990989421637,
    0.24581871293132296,
    0.23766240249205184,
    0.22577725148209055,
    0.2241386319378313,
    0.21335350367693037,
    0.20461779324204254,
    0.19660476089048126,
    0.190957296145664,
    0.1822067015729996,
    0.18014559575705633,
    0.171883320493853,
    0.17210284793933447,
    0.16759734434429782,
    0.16043960296010779,
    0.15828368109581598,
    0.1520997836671679,
    0.15045031178263754,
    0.14750766201153984,
    0.13814926585018716,
    0.1417676073086923,
    0.13474425333722195,
    0.1341095731942757,
    0.13230939936875813,
    0.12911747807841017,
    0.1283300038684205,
    0.12684443937828802,
    0.1232629081786324,
    0.12160533288536601,
    0.12492714361041905,
    0.12168764523123372,
    0.11782181374375811,
    0.12440443885322353
  ],
  "val_loss": [
    3.2887406551612997,
    2.9772149099493928,
    2.701509432972602,
    2.4273156197565906,
    2.2431898049588472,
    2.125184082760001,
    1.9233632436338461,
    1.748399667020114,
    1.6845241526387773,
    1.558050715698386,
    1.5915250407074981,
    1.4645996492988658,
    1.4281484495918706,
    1.3094552935294386,
    1.2909376919269562,
    1.2700981913872484,
    1.1826045681845467,
    1.1351632728891552,
    1.0941471406873666,
    1.103767510011511,
    1.1062169983139578,
    1.0001535286318581,
    1.0745135770653778,
    0.982453317293581,
    0.9687424816612927,
    0.9160614533806747,
    0.9669736345421593,
    0.9010081076115932,
    0.8878951522539247,
    0.9118932952296059,
    0.8717305096534064,
    0.8590174168348312,
    0.8378831243739938,
    0.822474682387316,
    0.8433308711029449,
    0.7914373642712269,
    0.761101393064238,
    0.7843472881699508,
    0.7779116159621274,
    0.7998613396062041,
    0.7728063407231052,
    0.8105968393666564,
    0.7691542100653334,
    0.7572473890657695,
    0.7484299011247338,
    0.7948896127208224,
    0.7309644114015237,
    0.7583036175313985,
    0.7027941670901371,
    0.724761251922486,
    0.702907097438034,
    0.7190228904474456,
    0.7192616835236549,
    0.7213324255679013,
    0.7681073280016206,
    0.7214118087629102,
    0.7008388275807759,
    0.6786181235088492,
    0.7060886697386796,
    0.688119686437103,
    0.703040323729785,
    0.7241820295183163,
    0.7036833232795855,
    0.6875440674078352,
    0.6810480365705378,
    0.7057051289615766,
    0.6869066852443623,
    0.7221678530551353,
    0.7220092930321423,
    0.6879403373261668,
    0.6978306770324707,
    0.7126783558501387,
    0.7059576009523194,
    0.6826794317589616,
    0.6852145887349012,
    0.6982304173398692,
    0.6931020186616564,
    0.691721388894432,
    0.7029825148155104,
    0.6965537065604948,
    0.6660218205794973,
    0.6835103972621683,
    0.6811677178121963,
    0.6790653946545889,
    0.663306510813956,
    0.6768620026139718,
    0.6810747434929857,
    0.673649862689792,
    0.67924781438877,
    0.6964884323050391,
    0.6795943865095669,
    0.6886326553967764,
    0.6779009249272212,
    0.6809752070397701,
    0.683555783106471,
    0.677559040978832,
    0.6783717226518212,
    0.6703654898787444,
    0.667895256348376,
    0.6608802361308403
  ],
  "train_acc": [
    0.06637037037037037,
    0.1288888888888889,
    0.17697354497354498,
    0.22903703703703704,
    0.2787724867724868,
    0.3278306878306878,
    0.361015873015873,
    0.3967830687830688,
    0.42937566137566135,
    0.4639153439153439,
    0.49384126984126986,
    0.5148359788359789,
    0.5401904761904762,
    0.5591957671957672,
    0.576,
    0.5925502645502646,
    0.6081269841269842,
    0.6224761904761905,
    0.634962962962963,
    0.6532910052910053,
    0.6607407407407407,
    0.6689100529100529,
    0.6777989417989418,
    0.6913862433862434,
    0.697015873015873,
    0.712042328042328,
    0.7178412698412698,
    0.7263492063492063,
    0.7368042328042328,
    0.7418835978835979,
    0.7461587301587301,
    0.7515767195767196,
    0.7607619047619048,
    0.7705820105820106,
    0.7801904761904762,
    0.7866243386243387,
    0.7875132275132275,
    0.7937354497354497,
    0.8000846560846561,
    0.8097354497354498,
    0.8124444444444444,
    0.8234920634920635,
    0.8271322751322752,
    0.8304338624338624,
    0.8366984126984127,
    0.8408888888888889,
    0.8449523809523809,
    0.8496084656084656,
    0.8534179894179894,
    0.8628571428571429,
    0.8622222222222222,
    0.8715767195767196,
    0.8743280423280423,
    0.8766984126984126,
    0.8822857142857143,
    0.8891851851851852,
    0.8896931216931216,
    0.8931216931216931,
    0.8975238095238095,
    0.9044232804232805,
    0.9066666666666666,
    0.911068783068783,
    0.914962962962963,
    0.9160211640211641,
    0.922031746031746,
    0.9204656084656084,
    0.9257566137566138,
    0.9261798941798942,
    0.9311746031746032,
    0.9331640211640212,
    0.9377777777777778,
    0.9387936507936508,
    0.9407407407407408,
    0.9436190476190476,
    0.9457777777777778,
    0.947936507936508,
    0.9498412698412698,
    0.9503068783068783,
    0.9525925925925925,
    0.9531851851851851,
    0.9539894179894179,
    0.9562751322751323,
    0.9572486772486772,
    0.9586031746031746,
    0.9589841269841269,
    0.958941798941799,
    0.9644444444444444,
    0.9621587301587302,
    0.9651640211640211,
    0.9652486772486772,
    0.9644021164021164,
    0.9652486772486772,
    0.9666878306878307,
    0.966984126984127,
    0.9688042328042328,
    0.9691428571428572,
    0.9676613756613757,
    0.9687619047619047,
    0.9704550264550265,
    0.9672804232804233
  ],